name,titel,sex,country 1,country 2,line of succession,interest 1,science and technology,social clubs,royal foundation,professional institutions,history and heritage,sport and recreation,healthcare medical and hospices,faith,built environment and architecture,business and industry,arts and culture,armed services,animals,children and young people,environment,agriculture,elderly and retired people,education,community and civic,religion,type,royalhouse
QS,Queen Silvia,female,swedish,,,,0,0,0,0,0,0,0,0,0,0,0,0,0,0,0,0,0,0,0,evangelical lutheran,0,swedish
wcf,World Childhood Foundation,,swedish,,,children and young people,0,0,0,0,0,0,0,0,0,0,0,0,0,1,0,0,0,0,0,,1,
imf,International Mentor Foundation,,swedish,,,healthcare medical and hospices,0,0,0,0,0,0,1,0,0,0,0,0,0,0,0,0,0,0,0,,1,
gcf,Global Child Forum,,swedish,international,,children and young people,0,0,0,0,0,0,0,0,0,0,0,0,0,1,0,0,0,0,0,,1,
tsh,The Silvia Home,,swedish,,,healthcare medical and hospices,0,0,0,0,0,0,1,0,0,0,0,0,0,0,0,0,0,0,0,,1,
rwf,Royal Wedding Fund,,swedish,,,children and young people,0,0,0,0,0,0,0,0,0,0,0,0,0,1,0,0,0,0,0,,1,
qsjf,Queen Silvia Jubilee Fund,,swedish,,,children and young people,0,0,0,0,0,0,0,0,0,0,0,0,0,1,0,0,0,0,0,,1,
sccf,The Swedish Childhood Cancer Foundation,,swedish,,,healthcare medical and hospices,0,0,0,0,0,0,1,0,0,0,0,0,0,0,0,0,0,0,0,,1,
stcs,Save the Children Sweden,,swedish,,,children and young people,0,0,0,0,0,0,0,0,0,0,0,0,0,1,0,0,0,0,0,,1,
vss,Victim Support Sweden,,swedish,,,community and civic,0,0,0,0,0,0,0,0,0,0,0,0,0,0,0,0,0,0,1,,1,
sbca,The Swedish Breast Cancer Association,,swedish,,,healthcare medical and hospices,0,0,0,0,0,0,1,0,0,0,0,0,0,0,0,0,0,0,0,,1,
ecpat,ECPAT Sweden,,swedish,,,children and young people,0,0,0,0,0,0,0,0,0,0,0,0,0,1,0,0,0,0,0,,1,
ersta,Ersta Diakoni,,swedish,,,healthcare medical and hospices,0,0,0,0,0,0,1,0,0,0,0,0,0,0,0,0,0,0,0,,1,
fbis,The Swedish Hemophilia Society,,swedish,,,healthcare medical and hospices,0,0,0,0,0,0,1,0,0,0,0,0,0,0,0,0,0,0,0,,1,
fodt,The Friends of Drottningholm Theatre,,swedish,,,arts and culture,0,0,0,0,0,0,0,0,0,0,1,0,0,0,0,0,0,0,0,,1,
afa,The Association of Friends of the Artists,,swedish,,,arts and culture,0,0,0,0,0,0,0,0,0,0,1,0,0,0,0,0,0,0,0,,1,
tfn,The Friends of the Nationalmuseum,,swedish,,,arts and culture,0,0,0,0,0,0,0,0,0,0,1,0,0,0,0,0,0,0,0,,1,
tsswa,The Society of Swedish Women Artists,,swedish,,,arts and culture,0,0,0,0,0,0,0,0,0,0,1,0,0,0,0,0,0,0,0,,1,
smf,Swedish Music Festivals,,swedish,,,arts and culture,0,0,0,0,0,0,0,0,0,0,1,0,0,0,0,0,0,0,0,,1,
scha,The Swedish Childrens Heart Association,,swedish,,,children and young people,0,0,0,0,0,0,0,0,0,0,0,0,0,1,0,0,0,0,0,,1,
rsalha,The Royal Swedish Academy of Letters History and Antiquities,,swedish,,,history and heritage,0,0,0,0,1,0,0,0,0,0,0,0,0,0,0,0,0,0,0,,1,
mcf,The Mayflower Charity Foundation,,swedish,,,children and young people,0,0,0,0,0,0,0,0,0,0,0,0,0,1,0,0,0,0,0,,1,
odw,Operation Days Work,,swedish,,,children and young people,0,0,0,0,0,0,0,0,0,0,0,0,0,1,0,0,0,0,0,,1,
snadhlc,The Swedish National Association for Deaf Hearing Impaired and Language Impaired Children,,swedish,,,healthcare medical and hospices,0,0,0,0,0,0,1,0,0,0,0,0,0,0,0,0,0,0,0,,1,
snaaa,The Swedish National Asthma and Allergy Association,,swedish,,,healthcare medical and hospices,0,0,0,0,0,0,1,0,0,0,0,0,0,0,0,0,0,0,0,,1,
qvrhöf,Queen Victorias Rest Home on Öland Foundation,,swedish,,,healthcare medical and hospices,0,0,0,0,0,0,1,0,0,0,0,0,0,0,0,0,0,0,0,,1,
hcf,The Hospice Care Foundation,,swedish,,,healthcare medical and hospices,0,0,0,0,0,0,1,0,0,0,0,0,0,0,0,0,0,0,0,,1,
lssp,The Livslust Study Support Programme,,swedish,,,education,0,0,0,0,0,0,0,0,0,0,0,0,0,0,0,0,0,1,0,,1,
rfspda,The Research Foundation of the Swedish Parkinsons Disease Association,,swedish,,,healthcare medical and hospices,0,0,0,0,0,0,1,0,0,0,0,0,0,0,0,0,0,0,0,,1,
stroke,Stroke the Association against Cerebral Cardiovascular Diseases,,swedish,,,healthcare medical and hospices,0,0,0,0,0,0,1,0,0,0,0,0,0,0,0,0,0,0,0,,1,
sahs,The Swedish Arabian Horse Society,,swedish,,,animals,0,0,0,0,0,0,0,0,0,0,0,0,1,0,0,0,0,0,0,,1,
ds,Diakonia Sweden,,swedish,arabian,,faith,0,0,0,0,0,0,0,1,0,0,0,0,0,0,0,0,0,0,0,,1,
sda,The Swedish Dyslexia Association,,swedish,,,education,0,0,0,0,0,0,0,0,0,0,0,0,0,0,0,0,0,1,0,,1,
saa,The Swedish Athletic Association,,swedish,,,sport and recreation,0,0,0,0,0,1,0,0,0,0,0,0,0,0,0,0,0,0,0,,1,
fsfd,The Friends of Swedish Folk Dances,,swedish,,,arts and culture,0,0,0,0,0,0,0,0,0,0,1,0,0,0,0,0,0,0,0,,1,
spf,The Swedish Parasport Federation,,swedish,,,sport and recreation,0,0,0,0,0,1,0,0,0,0,0,0,0,0,0,0,0,0,0,,1,
scptd,The Swedish Committee for the Prevention and Treatment of Depression,,swedish,,,healthcare medical and hospices,0,0,0,0,0,0,1,0,0,0,0,0,0,0,0,0,0,0,0,,1,
ssmr,The Swedish Society for Medical Research,,swedish,,,healthcare medical and hospices,0,0,0,0,0,0,1,0,0,0,0,0,0,0,0,0,0,0,0,,1,
capsis,The Central Association for the Promotion of Sports in Sweden,,swedish,,,sport and recreation,0,0,0,0,0,1,0,0,0,0,0,0,0,0,0,0,0,0,0,,1,
stwa,The Swedish Twin Town Association,,swedish,,,community and civic,0,0,0,0,0,0,0,0,0,0,0,0,0,0,0,0,0,0,1,,1,
nccrd,Ågrenska the National Competence Centre for Rare Diseases Gothenburg,,swedish,,,healthcare medical and hospices,0,0,0,0,0,0,1,0,0,0,0,0,0,0,0,0,0,0,0,,1,
fmfea,The Friends of the Museum of Far Eastern Antiquities,,swedish,,,arts and culture,0,0,0,0,0,0,0,0,0,0,1,0,0,0,0,0,0,0,0,,1,
PCP,Prince Carl Philip,male,swedish,,4,,0,0,0,0,0,0,0,0,0,0,0,0,0,0,0,0,0,0,0,evangelical lutheran,0,swedish
pcppsf,Prince Carl Philip and Princess Sofias Foundation,,swedish,,,education,0,0,0,0,0,0,0,0,0,0,0,0,0,0,0,0,0,1,0,,1,
sreas,The Swedish Rural Economy and Agricultural Societies,,swedish,,,agriculture,0,0,0,0,0,0,0,0,0,0,0,0,0,0,0,1,0,0,0,,1,
iucn,The International Union for Conservation of Nature,,swedish,,,environment,0,0,0,0,0,0,0,0,0,0,0,0,0,0,1,0,0,0,0,,1,
rsmc,The Royal Swedish Motorboat Club,,swedish,,,sport and recreation,0,0,0,0,0,1,0,0,0,0,0,0,0,0,0,0,0,0,0,,1,
lbfcf,The Lilla Barnets Fond childrens fund,,swedish,,,children and young people,0,0,0,0,0,0,0,0,0,0,0,0,0,1,0,0,0,0,0,,1,
bnr,Byamossarna Nature Reserve,,swedish,,,environment,0,0,0,0,0,0,0,0,0,0,0,0,0,0,1,0,0,0,0,,1,
os,Operation Smile,,swedish,,,children and young people,0,0,0,0,0,0,0,0,0,0,0,0,0,1,0,0,0,0,0,,1,
smbrfcec,The Sigvard and Marianne Bernadotte Research Foundation for Childrens Eye Care,,swedish,,,children and young people,0,0,0,0,0,0,0,0,0,0,0,0,0,1,0,0,0,0,0,,1,
smbaf,The Sigvard and Marianne Bernadotte Arts Fund,,swedish,,,arts and culture,0,0,0,0,0,0,0,0,0,0,1,0,0,0,0,0,0,0,0,,1,
rs,Rally Sweden,,swedish,,,sport and recreation,0,0,0,0,0,1,0,0,0,0,0,0,0,0,0,0,0,0,0,,1,
pbs,The Peace Berets of Sweden,,swedish,,,history and heritage,0,0,0,0,1,0,0,0,0,0,0,0,0,0,0,0,0,0,0,,1,
vor,The Volvo Ocean Race,,swedish,,,sport and recreation,0,0,0,0,0,1,0,0,0,0,0,0,0,0,0,0,0,0,0,,1,
PV,Princess Victoria,female,swedish,,1,,0,0,0,0,0,0,0,0,0,0,0,0,0,0,0,0,0,0,0,evangelical lutheran,0,swedish
na,Nordens Ark,,swedish,,,animals,0,0,0,0,0,0,0,0,0,0,0,0,1,0,0,0,0,0,0,,1,
kattf,Karolinska Hospital The Tobias Foundation,,swedish,,,healthcare medical and hospices,0,0,0,0,0,0,1,0,0,0,0,0,0,0,0,0,0,0,0,,1,
tcdf,The Child Diabetes Foundation,,swedish,,,healthcare medical and hospices,0,0,0,0,0,0,1,0,0,0,0,0,0,0,0,0,0,0,0,,1,
tswftsjwp,The Stockholm Water Foundation The Stockholm Junior Water Prize,,swedish,,,environment,0,0,0,0,0,0,0,0,0,0,0,0,0,0,1,0,0,0,0,,1,
talchf,The Astrid Lindgren Childrens Hospital Foundation,,swedish,,,arts and culture,0,0,0,0,0,0,0,0,0,0,1,0,0,0,0,0,0,0,0,,1,
tsbf,The Swedish Brain Foundation,,swedish,,,healthcare medical and hospices,0,0,0,0,0,0,1,0,0,0,0,0,0,0,0,0,0,0,0,,1,
stacpvf,Sveriges Television AB Crown Princess Victorias Fund,,swedish,,,healthcare medical and hospices,0,0,0,0,0,0,1,0,0,0,0,0,0,0,0,0,0,0,0,,1,
tfotnmas,The Friends of the Nordic Museum and Skansen,,swedish,,,arts and culture,0,0,0,0,0,0,0,0,0,0,1,0,0,0,0,0,0,0,0,,1,
tasf,The American Scandinavian Foundation,,swedish,american,,arts and culture,0,0,0,0,0,0,0,0,0,0,1,0,0,0,0,0,0,0,0,,1,
satbtkas,Stockholmsbriggen AB The Brig Tre Kronor af Stockholm,,swedish,,,sport and recreation,0,0,0,0,0,1,0,0,0,0,0,0,0,0,0,0,0,0,0,,1,
tswvdo,The Swedish Womens Voluntary Defence Organisation,,swedish,,,armed services,0,0,0,0,0,0,0,0,0,0,0,1,0,0,0,0,0,0,0,,1,
vaa,Vaestergoetland Archaeological Association,,swedish,,,arts and culture,0,0,0,0,0,0,0,0,0,0,1,0,0,0,0,0,0,0,0,,1,
uuas,Uppsala University Allmaenna Sangen,,swedish,,,education,0,0,0,0,0,0,0,0,0,0,0,0,0,0,0,0,0,1,0,,1,
PS,Princess Sofia,female,swedish,,,,0,0,0,0,0,0,0,0,0,0,0,0,0,0,0,0,0,0,0,evangelical lutheran,0,
sh,Sophiahemmet,,swedish,,,children and young people,0,0,0,0,0,0,0,0,0,0,0,0,0,1,0,0,0,0,0,,1,
prpl,Project Playground,,swedish,,,children and young people,0,0,0,0,0,0,0,0,0,0,0,0,0,1,0,0,0,0,0,,1,
hbc,Haga Boat Club,,swedish,,,sport and recreation,0,0,0,0,0,1,0,0,0,0,0,0,0,0,0,0,0,0,0,,1,
tscocig,The Swedish Chamber of Commerce in Germany,,swedish,,,community and civic,0,0,0,0,0,0,0,0,0,0,0,0,0,0,0,0,0,0,1,,1,
scm,Stockholm City Mission,,swedish,,,community and civic,0,0,0,0,0,0,0,0,0,0,0,0,0,0,0,0,0,0,1,,1,
tsoa,The Swedish Outdoor Association Skogsmulle and Ur and Skur childrens nature activities,,swedish,,,children and young people,0,0,0,0,0,0,0,0,0,0,0,0,0,1,0,0,0,0,0,,1,
rds,Rare Diseases Sweden,,swedish,,,healthcare medical and hospices,0,0,0,0,0,0,1,0,0,0,0,0,0,0,0,0,0,0,0,,1,
vlhf,Vaestergoetland Local Heritage Federation,,swedish,,,arts and culture,0,0,0,0,0,0,0,0,0,0,1,0,0,0,0,0,0,0,0,,1,
ipc,The International Paralympic Committee,,swedish,international,,sport and recreation,0,0,0,0,0,1,0,0,0,0,0,0,0,0,0,0,0,0,0,,1,
tsba,The Swedish Beekeepers Association,,swedish,,,animals,0,0,0,0,0,0,0,0,0,0,0,0,0,0,0,0,0,0,0,,1,
sedu,The Swedish Defence UniversityThe SEDU Association,,swedish,,,education,0,0,0,0,0,0,0,0,0,0,0,0,0,0,0,0,0,1,0,,1,
tscpcf,The Swedish Crown Princess Couples Foundation,,swedish,,,children and young people,0,0,0,0,0,0,0,0,0,0,0,0,0,1,0,0,0,0,0,,1,
trsaom,The Royal Swedish Academy of Music,,swedish,,,arts and culture,0,0,0,0,0,0,0,0,0,0,1,0,0,0,0,0,0,0,0,,1,
tfotbm,The Friends of the Bernadotte Museum,,swedish,,,arts and culture,0,0,0,0,0,0,0,0,0,0,1,0,0,0,0,0,0,0,0,,1,
trsaoa,The Royal Swedish Academy of Arts,,swedish,,,arts and culture,0,0,0,0,0,0,0,0,0,0,1,0,0,0,0,0,0,0,0,,1,
tkkjs,The King Karl XIV Johan Society,,swedish,,,arts and culture,0,0,0,0,0,0,0,0,0,0,1,0,0,0,0,0,0,0,0,,1,
tccocmvrf,The Central Committee of Crown Princess Margaretas Veteran Reserve Foundation,,swedish,,,armed services,0,0,0,0,0,0,0,0,0,0,0,1,0,0,0,0,0,0,0,,1,
sdga,Sustainable Development Goals Advocates,,swedish,international,,environment,0,0,0,0,0,0,0,0,0,0,0,0,0,0,1,0,0,0,0,,1,
cpvf,Crown Princess Victorias Fund,,swedish,,,children and young people,0,0,0,0,0,0,0,0,0,0,0,0,0,1,0,0,0,0,0,,1,
PD,Prince Daniel,male,swedish,,,,0,0,0,0,0,0,0,0,0,0,0,0,0,0,0,0,0,0,0,evangelical lutheran,0,swedish
asc,A Swedish Classic,,swedish,,,sport and recreation,0,0,0,0,0,1,0,0,0,0,0,0,0,0,0,0,0,0,0,,1,
thgf,The Healthy Generation foundation the Swedish Heart Lung Foundation,,swedish,,,healthcare medical and hospices,0,0,0,0,0,0,1,0,0,0,0,0,0,0,0,0,0,0,0,,1,
tison,The International Society of Nephrology,,swedish,international,,healthcare medical and hospices,0,0,0,0,0,0,1,0,0,0,0,0,0,0,0,0,0,0,0,,1,
mod,MOD More Organ Donation,,swedish,,,healthcare medical and hospices,0,0,0,0,0,0,1,0,0,0,0,0,0,0,0,0,0,0,0,,1,
rsaoes,Royal Swedish Academy of Engineering Sciences,,swedish,,,science and technology,1,0,0,0,0,0,0,0,0,0,0,0,0,0,0,0,0,0,0,,1,
PM,Princess Madeleine,female,swedish,,7,,0,0,0,0,0,0,0,0,0,0,0,0,0,0,0,0,0,0,0,evangelical lutheran,0,swedish
msdf,The My Special Day Foundation,,swedish,,,children and young people,0,0,0,0,0,0,0,0,0,0,0,0,0,1,0,0,0,0,0,,1,
en,Europa Nostra,,swedish,european,,community and civic,0,0,0,0,0,0,0,0,0,0,0,0,0,0,0,0,0,0,1,,1,
gsa,Gaevleborg Shieling Association,,swedish,,,art and culture,0,0,0,0,0,0,0,0,0,0,0,0,0,0,0,0,0,0,0,,1,
trgyc,The Royal Gothenburg Yacht Club,,swedish,,,sport and recreation ,0,0,0,0,0,1,0,0,0,0,0,0,0,0,0,0,0,0,0,,1,
QE,Queen Elizabeth,female,british,,0,,0,0,0,0,0,0,0,0,0,0,0,0,0,0,0,0,0,0,0,anglican,0,british
trs,The Royal Society,,british,,,science and technology,1,0,0,0,0,0,0,0,0,0,0,0,0,0,0,0,0,0,0,,1,
tioeat,The Institution of Engineering and Technology,,british,,,science and technology,1,0,0,0,0,0,0,0,0,0,0,0,0,0,0,0,0,0,0,,1,
raso,Royal Astronomical Society,,british,,,science and technology,1,0,0,0,0,0,0,0,0,0,0,0,0,0,0,0,0,0,0,,1,
rsoc,Royal Society of Chemistry,,british,,,science and technology,1,0,0,0,0,0,0,0,0,0,0,0,0,0,0,0,0,0,0,,1,
aory,Association of Royal Yachtsmen,,british,,,social clubs ,0,1,0,0,0,0,0,0,0,0,0,0,0,0,0,0,0,0,0,,1,
tujc,The Union Jack Club,,british,,,social clubs ,0,1,0,0,0,0,0,0,0,0,0,0,0,0,0,0,0,0,0,,1,
tbma,The British Medical Association,,british,,,professional institutions,0,0,0,1,0,0,0,0,0,0,0,0,0,0,0,0,0,0,0,,1,
trpsogb,The Royal Pharmaceutical Society of Great Britain,,british,,,professional institutions,0,0,0,1,0,0,0,0,0,0,0,0,0,0,0,0,0,0,0,,1,
cmaja,Commonwealth Magistrates and Judges Association,,british,,,professional institutions,0,0,0,1,0,0,0,0,0,0,0,0,0,0,0,0,0,0,0,,1,
cilip,Chartered Institute of Library and Information Professionals ,,british,,,professional institutions,0,0,0,1,0,0,0,0,0,0,0,0,0,0,0,0,0,0,0,,1,
nct,National Churches Trust,,british,,,history and heritage,0,0,0,0,1,0,0,0,0,0,0,0,0,0,0,0,0,0,0,,1,
tha,The Historical Association,,british,,,history and heritage,0,0,0,0,1,0,0,0,0,0,0,0,0,0,0,0,0,0,0,,1,
trwt,Theatre Royal Windsor Trust,,british,,,history and heritage,0,0,0,0,1,0,0,0,0,0,0,0,0,0,0,0,0,0,0,,1,
bca,British Olympic Association,,british,,,sport and recreation,0,0,0,0,0,1,0,0,0,0,0,0,0,0,0,0,0,0,0,,1,
trpra,The Royal Pigeon Racing Association,,british,,,sport and recreation,0,0,0,0,0,1,0,0,0,0,0,0,0,0,0,0,0,0,0,,1,
tbhs,The British Horse Society,,british,,,sport and recreation,0,0,0,0,0,1,0,0,0,0,0,0,0,0,0,0,0,0,0,,1,
rya,Royal Yachting Association,,british,,,sport and recreation,0,0,0,0,0,1,0,0,0,0,0,0,0,0,0,0,0,0,0,,1,
cruk,Cancer Research UK,,british,,,healthcare medical and hospices,0,0,0,0,0,0,1,0,0,0,0,0,0,0,0,0,0,0,0,,1,
nzma,New Zealand Medical Association,,british,new zealand,,healthcare medical and hospices,0,0,0,0,0,0,1,0,0,0,0,0,0,0,0,0,0,0,0,,1,
tcma,The Canadian Medical Association,,british,canadian,,healthcare medical and hospices,0,0,0,0,0,0,1,0,0,0,0,0,0,0,0,0,0,0,0,,1,
trsom,The Royal Society of Medicine,,british,,,healthcare medical and hospices,0,0,0,0,0,0,1,0,0,0,0,0,0,0,0,0,0,0,0,,1,
cuf,Church Urban Fund,,british,,,faith,0,0,0,0,0,0,0,1,0,0,0,0,0,0,0,0,0,0,0,anglican,1,
scfs,Seamens Christian Friend Society,,british,,,faith,0,0,0,0,0,0,0,1,0,0,0,0,0,0,0,0,0,0,0,anglican,1,
tcocaj,The Council of Christians and Jews,,british,,,faith,0,0,0,0,0,0,0,1,0,0,0,0,0,0,0,0,0,0,0,anglican and jewish,1,
ymca,YMCA England,,british,,,faith,0,0,0,0,0,0,0,1,0,0,0,0,0,0,0,0,0,0,0,anglican,1,
folc,Friends of Llandaff Cathedral,,british,,,built environment and architecture,0,0,0,0,0,0,0,0,1,0,0,0,0,0,0,0,0,0,0,,1,
raioc,Royal Architectural Institute of Canada,,british,canadian,,built environment and architecture,0,0,0,0,0,0,0,0,1,0,0,0,0,0,0,0,0,0,0,,1,
rst,Royal Shakespeare Theatre,,british,,,built environment and architecture,0,0,0,0,0,0,0,0,1,0,0,0,0,0,0,0,0,0,0,,1,
raioa,Royal Australian Institute of Architects,,british,australian,,built environment and architecture,0,0,0,0,0,0,0,0,1,0,0,0,0,0,0,0,0,0,0,,1,
raobdf,Royal Association of British Dairy Farmers,,british,,,business and industry,0,0,0,0,0,0,0,0,0,1,0,0,0,0,0,0,0,0,0,,1,
res,Royal Economic Society,,british,,,business and industry,0,0,0,0,0,0,0,0,0,1,0,0,0,0,0,0,0,0,0,,1,
tbcoc,The British Chambers of Commerce,,british,,,business and industry,0,0,0,0,0,0,0,0,0,1,0,0,0,0,0,0,0,0,0,,1,
trioia,The Royal Institute of International Affairs,,british,,,business and industry,0,0,0,0,0,0,0,0,0,1,0,0,0,0,0,0,0,0,0,,1,
fbs,Franco British Society,,british,french,,arts and culture,0,0,0,0,0,0,0,0,0,0,1,0,0,0,0,0,0,0,0,,1,
lso,London Symphony Orchestra Ltd,,british,,,arts and culture,0,0,0,0,0,0,0,0,0,0,1,0,0,0,0,0,0,0,0,,1,
raoda,Royal Academy of Dramatic Art,,british,,,arts and culture,0,0,0,0,0,0,0,0,0,0,1,0,0,0,0,0,0,0,0,,1,
riopiw,Royal Institute of Painters in Watercolours,,british,,,arts and culture,0,0,0,0,0,0,0,0,0,0,1,0,0,0,0,0,0,0,0,,1,
aanc,Army and Navy Club ,,british,,,armed services,0,0,0,0,0,0,0,0,0,0,0,1,0,0,0,0,0,0,0,,1,
ig,Irish Guards,,british,,,armed services,0,0,0,0,0,0,0,0,0,0,0,1,0,0,0,0,0,0,0,,1,
trafa,The Royal Air Forces Association,,british,,,armed services,0,0,0,0,0,0,0,0,0,0,0,1,0,0,0,0,0,0,0,,1,
rroa,Royal Regiment of Artillery,,british,,,armed services,0,0,0,0,0,0,0,0,0,0,0,1,0,0,0,0,0,0,0,,1,
rsftpocta,Royal Society for the Prevention of Cruelty to Animals,,british,,,animals,0,0,0,0,0,0,0,0,0,0,0,0,1,0,0,0,0,0,0,,1,
rwhs,Royal Windsor Horse Show,,british,,,animals,0,0,0,0,0,0,0,0,0,0,0,0,1,0,0,0,0,0,0,,1,
tzsol,The Zoological Society of London,,british,,,animals,0,0,0,0,0,0,0,0,0,0,0,0,1,0,0,0,0,0,0,,1,
dt,Dogs Trust,,british,,,animals,0,0,0,0,0,0,0,0,0,0,0,0,1,0,0,0,0,0,0,,1,
tcyec,The Commonwealth Youth Exchange Council,,british,,,children and young people,0,0,0,0,0,0,0,0,0,0,0,0,0,1,0,0,0,0,0,,1,
ican,Invalid Childrens Aid Nationwide,,british,,,children and young people,0,0,0,0,0,0,0,0,0,0,0,0,0,1,0,0,0,0,0,,1,
stcc,Save The Children Canada,,british,,,children and young people,0,0,0,0,0,0,0,0,0,0,0,0,0,1,0,0,0,0,0,,1,
tqt,The Queens Trust,,british,,,children and young people,0,0,0,0,0,0,0,0,0,0,0,0,0,1,0,0,0,0,0,,1,
nwt,Norfolk Wildlife Trust,,british,,,environment,0,0,0,0,0,0,0,0,0,0,0,0,0,0,1,0,0,0,0,,1,
rfs,Royal Forestry Society,,british,,,environment,0,0,0,0,0,0,0,0,0,0,0,0,0,0,1,0,0,0,0,,1,
tsc,The Shikar Club,,british,,,environment,0,0,0,0,0,0,0,0,0,0,0,0,0,0,1,0,0,0,0,,1,
ffi,Fauna and Flora International,,british,,,environment,0,0,0,0,0,0,0,0,0,0,0,0,0,0,1,0,0,0,0,,1,
iacr,IACR Rothamsted,,british,,,agriculture,0,0,0,0,0,0,0,0,0,0,0,0,0,0,0,1,0,0,0,,1,
rwrahs,Royal Windsor Rose and Horticultural Society,,british,,,agriculture,0,0,0,0,0,0,0,0,0,0,0,0,0,0,0,1,0,0,0,,1,
thcs,The Highland Cattle Society,,british,,,agriculture,0,0,0,0,0,0,0,0,0,0,0,0,0,0,0,1,0,0,0,,1,
trasoe,The Royal Agricultural Society of England,,british,,,agriculture,0,0,0,0,0,0,0,0,0,0,0,0,0,0,0,1,0,0,0,,1,
fote,Friends of the Elderly,,british,,,elderly and retired people,0,0,0,0,0,0,0,0,0,0,0,0,0,0,0,0,1,0,0,,1,
csasbi,Church Schoolmasters and Schoolmistresses Benevolent Institution,,british,,,elderly and retired people,0,0,0,0,0,0,0,0,0,0,0,0,0,0,0,0,1,0,0,anglican,1,
hh,Haig Housing,,british,,,elderly and retired people,0,0,0,0,0,0,0,0,0,0,0,0,0,0,0,0,1,0,0,,1,
shic,Suttons Hospital in Charterhouse,,british,,,elderly and retired people,0,0,0,0,0,0,0,0,0,0,0,0,0,0,0,0,1,0,0,,1,
cl,Cumberland Lodge,,british,,,education,0,0,0,0,0,0,0,0,0,0,0,0,0,0,0,0,0,1,0,,1,
kcl,Kings College London,,british,,,education,0,0,0,0,0,0,0,0,0,0,0,0,0,0,0,0,0,1,0,,1,
rafcc,Royal Air Force College Cranwell,,british,,,education,0,0,0,0,0,0,0,0,0,0,0,0,0,0,0,0,0,1,0,,1,
taocu,The Association of Commonwealth Universities,,british,,,education,0,0,0,0,0,0,0,0,0,0,0,0,0,0,0,0,0,1,0,,1,
fac,Family Action,,british,,,community and civic,0,0,0,0,0,0,0,0,0,0,0,0,0,0,0,0,0,0,1,,1,
mu,Mothers Union,,british,,,community and civic,0,0,0,0,0,0,0,0,0,0,0,0,0,0,0,0,0,0,1,,1,
npf,Newspaper Press Fund,,british,,,community and civic,0,0,0,0,0,0,0,0,0,0,0,0,0,0,0,0,0,0,1,,1,
rhs,Royal Humane Society,,british,,,community and civic,0,0,0,0,0,0,0,0,0,0,0,0,0,0,0,0,0,0,1,,1,
PC,Prince Charles,male ,british,,1,,0,0,0,0,0,0,0,0,0,0,0,0,0,0,0,0,0,0,0,anglican,0,british
qdg,1st The Queens Dragoon Guards,,british,,,armed services ,0,0,0,0,0,0,0,0,0,0,0,1,0,0,0,0,0,0,0,,1,
btrros,51st Highland 7th Battalion The Royal Regiment of Scotland,,british,,,armed services ,0,0,0,0,0,0,0,0,0,0,0,1,0,0,0,0,0,0,0,,1,
ba,British Army,,british,,,armed services ,0,0,0,0,0,0,0,0,0,0,0,1,0,0,0,0,0,0,0,,1,
ca,Canadian Army,,british,canadian,,armed services,0,0,0,0,0,0,0,0,0,0,0,1,0,0,0,0,0,0,0,,1,
cwh,Canadian Warplane Heritage,,british,canadian,,armed services ,0,0,0,0,0,0,0,0,0,0,0,1,0,0,0,0,0,0,0,,1,
cs,Combat Stress,,british,,,armed services ,0,0,0,0,0,0,0,0,0,0,0,1,0,0,0,0,0,0,0,,1,
lsh,Lord Strathconas Horse Royal Canadians,,british,canadian,,armed services ,0,0,0,0,0,0,0,0,0,0,0,1,0,0,0,0,0,0,0,,1,
nza,New Zealand Army,,british,new zealand,,armed services ,0,0,0,0,0,0,0,0,0,0,0,1,0,0,0,0,0,0,0,,1,
rnc,Plymouth Royal Naval Command,,british,,,armed services ,0,0,0,0,0,0,0,0,0,0,0,1,0,0,0,0,0,0,0,,1,
ashden,Ashden,,british,,,environment,0,0,0,0,0,0,0,0,0,0,0,0,0,0,1,0,0,0,0,,1,
awc,Australian Wildlife Conservancy,,british,australian,,environment,0,0,0,0,0,0,0,0,0,0,0,0,0,0,1,0,0,0,0,,1,
bgci,Botanic Gardens Conservation International,,british,international,,environment,0,0,0,0,0,0,0,0,0,0,0,0,0,0,1,0,0,0,0,,1,
cga,Caring for Gods Acre,,british,,,environment,0,0,0,0,0,0,0,0,0,0,0,0,0,0,1,0,0,0,0,,1,
ci,Conservation International,,british,international,,environment,0,0,0,0,0,0,0,0,0,0,0,0,0,0,1,0,0,0,0,,1,
go,Garden Organic,,british,,,environment,0,0,0,0,0,0,0,0,0,0,0,0,0,0,1,0,0,0,0,,1,
iicrfcd,Iwokrama International Centre for Rain Forest Conservation and Development,,british,international,,environment,0,0,0,0,0,0,0,0,0,0,0,0,0,0,1,0,0,0,0,,1,
obg,Oxford Botanic Garden,,british,,,environment,0,0,0,0,0,0,0,0,0,0,0,0,0,0,1,0,0,0,0,,1,
pi,Plantlife International,,british,international,,environment,0,0,0,0,0,0,0,0,0,0,0,0,0,0,1,0,0,0,0,,1,
sac,Send A Cow,,british,,,community and civic,0,0,0,0,0,0,0,0,0,0,0,0,0,0,0,0,0,0,1,,1,
cpg,Chelsea Physic Garden,,british,,,history and heritage,0,0,0,0,1,0,0,0,0,0,0,0,0,0,0,0,0,0,0,,1,
flm,Friends of Letheringsett Mill,,british,,,history and heritage,0,0,0,0,1,0,0,0,0,0,0,0,0,0,0,0,0,0,0,,1,
hmdt,Holocaust Memorial Day Trust,,british,,,history and heritage,0,0,0,0,1,0,0,0,0,0,0,0,0,0,0,0,0,0,0,,1,
sdccp,St Davids Cathedral Cloisters Project,,british,,,history and heritage,0,0,0,0,1,0,0,0,0,0,0,0,0,0,0,0,0,0,0,,1,
smpdt,St Marys Priory Development Trust,,british,,,history and heritage,0,0,0,0,1,0,0,0,0,0,0,0,0,0,0,0,0,0,0,,1,
tagt,The Alnwick Gardens Trust,,british,,,history and heritage,0,0,0,0,1,0,0,0,0,0,0,0,0,0,0,0,0,0,0,,1,
tams,The Ancient Monuments Society,,british,,,history and heritage,0,0,0,0,1,0,0,0,0,0,0,0,0,0,0,0,0,0,0,,1,
ashfohc,The Australian Stockmans Hall of Fame and Outback Heritage Centre,,british,australian,,history and heritage,0,0,0,0,1,0,0,0,0,0,0,0,0,0,0,0,0,0,0,,1,
tbpt,The Bath Preservation Trust,,british,,,history and heritage,0,0,0,0,1,0,0,0,0,0,0,0,0,0,0,0,0,0,0,,1,
tcat,The Caithness Archaeological Trust,,british,,,history and heritage,0,0,0,0,1,0,0,0,0,0,0,0,0,0,0,0,0,0,0,,1,
bitc,Business in the Community,,british,,,community and civic,0,0,0,0,0,0,0,0,0,0,0,0,0,0,0,0,0,0,1,,1,
cola,City of Lancaster,,british,,,community and civic,0,0,0,0,0,0,0,0,0,0,0,0,0,0,0,0,0,0,1,,1,
colo,City of London,,british,,,community and civic,0,0,0,0,0,0,0,0,0,0,0,0,0,0,0,0,0,0,1,,1,
gp,Guinness Partnership,,british,,,community and civic,0,0,0,0,0,0,0,0,0,0,0,0,0,0,0,0,0,0,1,,1,
hhuk,Health and Hope UK,,british,international,,community and civic,0,0,0,0,0,0,0,0,0,0,0,0,0,0,0,0,0,0,1,,1,
ikd,In Kind Direct,,british,,,community and civic,0,0,0,0,0,0,0,0,0,0,0,0,0,0,0,0,0,0,1,,1,
ikdi,In Kind Direct International,,british,international,,community and civic,0,0,0,0,0,0,0,0,0,0,0,0,0,0,0,0,0,0,1,,1,
ihp,International Health Partners,,british,international,,community and civic,0,0,0,0,0,0,0,0,0,0,0,0,0,0,0,0,0,0,1,,1,
mrnsw,Marine Rescue New South Wales,,british,australian,,community and civic,0,0,0,0,0,0,0,0,0,0,0,0,0,0,0,0,0,0,1,,1,
primec,PRIME Cymru,,british,,,community and civic,0,0,0,0,0,0,0,0,0,0,0,0,0,0,0,0,0,0,1,,1,
DC,Duchess Camilla,,british,,,,0,0,0,0,0,0,0,0,0,0,0,0,0,0,0,0,0,0,0,,0,british
cpgt,Cowbridge Physic Garden Trust,,british,,,history and heritage,0,0,0,0,1,0,0,0,0,0,0,0,0,0,0,0,0,0,0,,1,
dimu,Ditchling Museum,,british,,,arts and culture,0,0,0,0,0,0,0,0,0,0,1,0,0,0,0,0,0,0,0,,1,
dnhs,Dundurn National Historic Site,,british,,,history and heritage,0,0,0,0,1,0,0,0,0,0,0,0,0,0,0,0,0,0,0,,1,
fpt,Fulham Palace Trust,,british,,,history and heritage,0,0,0,0,1,0,0,0,0,0,0,0,0,0,0,0,0,0,0,,1,
stjssct,St Johns Smith Square Charitable Trust,,british,,,history and heritage,0,0,0,0,1,0,0,0,0,0,0,0,0,0,0,0,0,0,0,,1,
tct,The Charleston Trust,,british,,,history and heritage,0,0,0,0,1,0,0,0,0,0,0,0,0,0,0,0,0,0,0,,1,
dra,The Dessert Rats Association,,british,,,history and heritage,0,0,0,0,1,0,0,0,0,0,0,0,0,0,0,0,0,0,0,,1,
tfm,The Fan Museum,,british,,,history and heritage,0,0,0,0,1,0,0,0,0,0,0,0,0,0,0,0,0,0,0,,1,
fra,The Friends of the Royal Academy,,british,,,history and heritage,0,0,0,0,1,0,0,0,0,0,0,0,0,0,0,0,0,0,0,,1,
maps,The Medway Aircraft Preservation Society,,british,,,history and heritage,0,0,0,0,1,0,0,0,0,0,0,0,0,0,0,0,0,0,0,,1,
b,Barnardos,,british,,,community and civic,0,0,0,0,0,0,0,0,0,0,0,0,0,0,0,0,0,0,1,,1,
cuk,CleanupUK,,british,,,community and civic,0,0,0,0,0,0,0,0,0,0,0,0,0,0,0,0,0,0,1,,1,
cf,Community First,,british,,,community and civic,0,0,0,0,0,0,0,0,0,0,0,0,0,0,0,0,0,0,1,,1,
eswyl,East Sussex Women of the Year Lunch,,british,,,community and civic,0,0,0,0,0,0,0,0,0,0,0,0,0,0,0,0,0,0,1,,1,
euk,Emmaus UK,,british,,,community and civic,0,0,0,0,0,0,0,0,0,0,0,0,0,0,0,0,0,0,1,,1,
fa,Floral Angels,,british,,,community and civic,0,0,0,0,0,0,0,0,0,0,0,0,0,0,0,0,0,0,1,,1,
rblws,The Royal British Legion Womens Section,,british,,,community and civic,0,0,0,0,0,0,0,0,0,0,0,0,0,0,0,0,0,0,1,,1,
rth,Royal Trinity Hospice,,british,,,community and civic,0,0,0,0,0,0,0,0,0,0,0,0,0,0,0,0,0,0,1,,1,
rvs,Royal Voluntary Service,,british,,,community and civic,0,0,0,0,0,0,0,0,0,0,0,0,0,0,0,0,0,0,1,,1,
sjf,St Johns Foundation,,british,,,community and civic,0,0,0,0,0,0,0,0,0,0,0,0,0,0,0,0,0,0,1,,1,
aruk,Arthritis Research UK,,british,,,healthcare medical and hospices,0,0,0,0,0,0,1,0,0,0,0,0,0,0,0,0,0,0,0,,1,
caat,Cornwall Air Ambulance Trust,,british,,,healthcare medical and hospices,0,0,0,0,0,0,1,0,0,0,0,0,0,0,0,0,0,0,0,,1,
coh,Crathie Opportunity Holidays,,british,,,healthcare medical and hospices,0,0,0,0,0,0,1,0,0,0,0,0,0,0,0,0,0,0,0,,1,
duk,Duchenne UK,,british,,,healthcare medical and hospices,0,0,0,0,0,0,1,0,0,0,0,0,0,0,0,0,0,0,0,,1,
hdh,Helen and Douglas House,,british,,,healthcare medical and hospices,0,0,0,0,0,0,1,0,0,0,0,0,0,0,0,0,0,0,0,,1,
mccc,Maggies Cancer Caring Centres,,british,,,healthcare medical and hospices,0,0,0,0,0,0,1,0,0,0,0,0,0,0,0,0,0,0,0,,1,
mdd,Medical Detection Dogs,,british,,,healthcare medical and hospices,0,0,0,0,0,0,1,0,0,0,0,0,0,0,0,0,0,0,0,,1,
prho,Prospect Hospice,,british,,,healthcare medical and hospices,0,0,0,0,0,0,1,0,0,0,0,0,0,0,0,0,0,0,0,,1,
rdmcc,Roald Dahls Marvellous Childrens Charity,,british,,,healthcare medical and hospices,0,0,0,0,0,0,1,0,0,0,0,0,0,0,0,0,0,0,0,,1,
sb,Shelterbox,,british,international,,healthcare medical and hospices,0,0,0,0,0,0,1,0,0,0,0,0,0,0,0,0,0,0,0,,1,
ebs,Elmhurst Ballet School,,british,,,arts and culture,0,0,0,0,0,0,0,0,0,0,1,0,0,0,0,0,0,0,0,,1,
rsluk,Royal Society of Literature of the United Kingdom,,british,,,arts and culture,0,0,0,0,0,0,0,0,0,0,1,0,0,0,0,0,0,0,0,,1,
tfs,Tetbury Film Society,,british,,,arts and culture,0,0,0,0,0,0,0,0,0,0,1,0,0,0,0,0,0,0,0,,1,
lco,The London Chamber Orchestra,,british,,,arts and culture,0,0,0,0,0,0,0,0,0,0,1,0,0,0,0,0,0,0,0,,1,
tll,The London Library,,british,,,arts and culture,0,0,0,0,0,0,0,0,0,0,1,0,0,0,0,0,0,0,0,,1,
nyogb,The National Youth Orchestra Of Great Britain,,british,,,arts and culture,0,0,0,0,0,0,0,0,0,0,1,0,0,0,0,0,0,0,0,,1,
nqho,The New Queens Hall Orchestra,,british,,,arts and culture,0,0,0,0,0,0,0,0,0,0,1,0,0,0,0,0,0,0,0,,1,
pgwsn,The PG Wodehouse Society of the Netherlands,,british,european,,arts and culture,0,0,0,0,0,0,0,0,0,0,1,0,0,0,0,0,0,0,0,,1,
trb,The Theatre Royal Bath,,british,,,arts and culture,0,0,0,0,0,0,0,0,0,0,1,0,0,0,0,0,0,0,0,,1,
udas,The Upper Deeside Art Society,,british,,,arts and culture,0,0,0,0,0,0,0,0,0,0,1,0,0,0,0,0,0,0,0,,1,
PH,Prince Harry,male,british,,6,,0,0,0,0,0,0,0,0,0,0,0,1,0,1,0,0,0,0,0,anglican,0,british
igf,Invictus Games Foundation,,british,international,,sport and recreation,0,0,0,0,0,1,0,0,0,0,0,1,0,0,0,0,0,0,0,,1,
rafh,Royal Air Force Honington,,british,,,armed services,0,0,0,0,0,0,0,0,0,0,0,1,0,0,0,0,0,0,0,,1,
rm,Royal Marines,,british,,,armed services,0,0,0,0,0,0,0,0,0,0,0,1,0,0,0,0,0,0,0,,1,
ssad,Small Ships and Diving Royal Naval Command,,british,,,armed services,0,0,0,0,0,0,0,0,0,0,0,1,0,0,0,0,0,0,0,,1,
trf,The Royal Foundation,,british,,,armed services,0,0,1,0,0,0,0,0,0,0,0,1,0,0,0,0,0,0,0,,1,
rfu,Rugby Football Union,,british,,,sport and recreation,0,0,0,0,0,1,0,0,0,0,0,0,0,0,0,0,0,0,0,,1,
rfuasp,Rugby Football Union All Schools Programme,,british,,,sport and recreation,0,0,0,0,0,1,0,0,0,0,0,0,0,0,0,0,0,0,0,,1,
rfuipf,Rugby Football Union Injured Players Foundation,,british,,,sport and recreation,0,0,0,0,0,1,0,0,0,0,0,0,0,0,0,0,0,0,0,,1,
tlm,The London Marathon,,british,,,sport and recreation,0,0,0,0,0,1,0,0,0,0,0,0,0,0,0,0,0,0,0,,1,
trfl,The Rugby Football League,,british,,,sport and recreation,0,0,0,0,0,1,0,0,0,0,0,0,0,0,0,0,0,0,0,,1,
docy,Dolen Cymru,,british,,,children and young people,0,0,0,0,0,0,0,0,0,0,0,0,0,1,0,0,0,0,0,,1,
hvsmf,Henry van Straubenzee Memorial Fund,,british,,,children and young people,0,0,0,0,0,0,0,0,0,0,0,0,0,1,0,0,0,0,0,,1,
stb,Sentebale,,british,international,,children and young people,0,0,0,0,0,0,0,0,0,0,0,0,0,1,0,0,0,0,0,,1,
wc,WellChild,,british,,,children and young people,0,0,0,0,0,0,0,0,0,0,0,0,0,1,0,0,0,0,0,,1,
ap,African Parks,,british,international,,history and heritage,0,0,0,0,1,0,0,0,0,0,0,0,0,0,0,0,0,0,0,,1,
rcb,Rhino Conservation Botswana,,british,international,,animals,0,0,0,0,0,0,0,0,0,0,0,0,1,0,0,0,0,0,0,,1,
DM,Duchess Meghan,female,british,,,,0,0,0,0,0,0,0,0,0,0,0,0,0,0,0,0,0,0,0,anglican,0,british
oyw,One Young World,,british,,,children and young people,0,0,0,0,0,0,0,0,0,0,0,0,0,1,0,0,0,0,0,,1,
unw,UN Women,,british,international,,community and civic,0,0,0,0,0,0,0,0,0,0,0,0,0,0,0,0,0,0,1,,1,
wv,World Vision,,british,international,,education,0,0,0,0,0,0,0,0,0,0,0,0,0,0,0,0,0,1,0,,1,
KCG,Carl Gustaf,male,swedish,,0,,0,0,0,0,0,0,0,0,0,0,0,0,0,0,0,0,0,0,0,evangelical lutheran,0,swedish
amarfs,The African Medical and Research Foundation Sweden,,swedish,,,healthcare medical and hospices,0,0,0,0,0,0,1,0,0,0,0,0,0,0,0,0,0,0,0,,1,
aisc,Allmaenna Idrottsklubben sports club,,swedish,,,sport and recreation,0,0,0,0,0,1,0,0,0,0,0,0,0,0,0,0,0,0,0,,1,
ncda,The National Childrens Day Association,,swedish,international,,children and young people ,0,0,0,0,0,0,0,0,0,0,0,0,0,1,0,0,0,0,0,,1,
dlhs,Djurgården Local History Society,,swedish,,,history and heritag,0,0,0,0,1,0,0,0,0,0,0,0,0,0,0,0,0,0,0,,1,
soa,The Swedish Outdoor Association,,swedish,,,environment,0,0,0,0,0,0,0,0,0,0,0,0,0,0,1,0,0,0,0,,1,
sfa,The Swedish Forestry Association ,,swedish,,,environment,0,0,0,0,0,0,0,0,0,0,0,0,0,0,1,0,0,0,0,,1,
fotsiia,The Friends of the Swedish Institute in Athens,,swedish,,,education,0,0,0,0,0,0,0,0,0,0,0,0,0,0,0,0,0,1,0,,1,
sw,Swedes Worldwide,,swedish,international,,professional institutions,0,0,0,1,0,0,0,0,0,0,0,0,0,0,0,0,0,0,0,,1,
tfotsmonh,The Friends of the Swedish Museum of Natural History,,swedish,,,history and heritage,0,0,0,0,1,0,0,0,0,0,0,0,0,0,0,0,0,0,0,,1,
tga,The Gastronomic Academy,,swedish,international,,business and industry,0,0,0,0,0,0,0,0,0,1,0,0,0,0,0,0,0,0,0,,1,
tgra,The Gripsholm Association,,swedish,,,history and heritage,0,0,0,0,1,0,0,0,0,0,0,0,0,0,0,0,0,0,0,,1,
tjbc,The Jussi Bjoerling Centenary,,swedish,,,arts and culture,0,0,0,0,0,0,0,0,0,0,1,0,0,0,0,0,0,0,0,,1,
koaml,Kulturen open air museum Lund,,swedish,,,arts and culture,0,0,0,0,0,0,0,0,0,0,1,0,0,0,0,0,0,0,0,,1,
tracs,The Royal Automobile Club Sweden,,swedish,,,sport and recreation,0,0,0,0,0,1,0,0,0,0,0,0,0,0,0,0,0,0,0,,1,
trsaoes,The Royal Swedish Academy of Engineering Sciences,,swedish,,,science and technology,1,0,0,0,0,0,0,0,0,0,0,0,0,0,0,0,0,0,0,,1,
trsaows,The Royal Swedish Academy of War Sciences,,swedish,,,science and technology,1,0,0,0,0,0,0,0,0,0,0,0,0,0,0,0,0,0,0,,1,
trsac,The Royal Swedish Aero Club,,swedish,,,social clubs ,0,1,0,0,0,0,0,0,0,0,0,0,0,0,0,0,0,0,0,,1,
trsaoc,The Royal Swedish Academy of Sciences,,swedish,,,science and technology,1,0,0,0,0,0,0,0,0,0,0,0,0,0,0,0,0,0,0,,1,
trssons,The Royal Swedish Society of Naval Sciences,,swedish,,,education,0,0,0,0,0,0,0,0,0,0,0,0,0,0,0,0,0,1,0,,1,
tscs,The Swedish Cancer Society,,swedish,,,healthcare medical and hospices,0,0,0,0,0,0,1,0,0,0,0,0,0,0,0,0,0,0,0,,1,
svcw,Save Visby City Wall,,swedish,,,history and heritage,0,0,0,0,1,0,0,0,0,0,0,0,0,0,0,0,0,0,0,,1,
tns,The Natural Step,,swedish,international,,environment,0,0,0,0,0,0,0,0,0,0,0,0,0,0,1,0,0,0,0,,1,
tkstf,The Keep Sweden Tidy Foundation,,swedish,,,environment,0,0,0,0,0,0,0,0,0,0,0,0,0,0,1,0,0,0,0,,1,
tstwf,The Stockholm Water Foundation,,swedish,,,environment,0,0,0,0,0,0,0,0,0,0,0,0,0,0,1,0,0,0,0,,1,
tsff,The Swedish Flag Foundation,,swedish,,,history and heritage,0,0,0,0,1,0,0,0,0,0,0,0,0,0,0,0,0,0,0,,1,
tswf,The Swedish Wetlands Fund,,swedish,,,environment,0,0,0,0,0,0,0,0,0,0,0,0,0,0,1,0,0,0,0,,1,
tschf,The Stockholm Concert Hall Foundation,,swedish,,,arts and culture,0,0,0,0,0,0,0,0,0,0,1,0,0,0,0,0,0,0,0,,1,
samc,Stockholm Academic Male Chorus,,swedish,,,arts and culture,0,0,0,0,0,0,0,0,0,0,1,0,0,0,0,0,0,0,0,,1,
tsas,The Swedish Archaeological Society,,swedish,,,history and heritage,0,0,0,0,1,0,0,0,0,0,0,0,0,0,0,0,0,0,0,,1,
tsbis,The Swedish Bible Society,,swedish,,,faith,0,0,0,0,0,0,0,1,0,0,0,0,0,0,0,0,0,0,0,,1,
tsbs,The Swedish Blue Star,,swedish,,,sport and recreation,0,0,0,0,0,1,0,0,0,0,0,0,0,0,0,0,0,0,0,,1,
tssftpoa,The Swedish Society for the Protection of Animals,,swedish,,,animals,0,0,0,0,0,0,0,0,0,0,0,0,1,0,0,0,0,0,0,,1,
tsafhawm,The Swedish Association for Hunting and Wildlife Management,,swedish,,,environment,0,0,0,0,0,0,0,0,0,0,0,0,0,0,1,0,0,0,0,,1,
tskc,The Swedish Kennel Club,,swedish,,,animals,0,0,0,0,0,0,0,0,0,0,0,0,1,0,0,0,0,0,0,,1,
tslss,The Swedish Life Saving Society ,,swedish,,,community and civic,0,0,0,0,0,0,0,0,0,0,0,0,0,0,0,0,0,0,1,,1,
sed,Swedish Exercise Day ,,swedish,,,sport and recreation ,0,0,0,0,0,1,0,0,0,0,0,0,0,0,0,0,0,0,0,,1,
tsrm,The Swedish Rotary Movement,,swedish,,,community and civic,0,0,0,0,0,0,0,0,0,0,0,0,0,0,0,0,0,0,1,,1,
tfotsiir,The Friends of the Swedish Institute in Rome,,swedish,,,education,0,0,0,0,0,0,0,0,0,0,0,0,0,0,0,0,0,1,0,,1,
tsrc,The Swedish Red Cross,,swedish,,,community and civic,0,0,0,0,0,0,0,0,0,0,0,0,0,0,0,0,0,0,1,,1,
tsta,The Swedish Tourist Association,,swedish,,,environment,0,0,0,0,0,0,0,0,0,0,0,0,0,0,1,0,0,0,0,,1,
tsgasa,The Swedish Guide and Scout Association,,swedish,,,education,0,0,0,0,0,0,0,0,0,0,0,0,0,0,0,0,0,1,0,,1,
tsgasc,The Swedish Guide and Scout Council,,swedish,,,education,0,0,0,0,0,0,0,0,0,0,0,0,0,0,0,0,0,1,0,,1,
tssfaag,The Swedish Society for Anthropology and Geography,,swedish,,,history and heritage,0,0,0,0,1,0,0,0,0,0,0,0,0,0,0,0,0,0,0,,1,
tsaf,The Sweden America Foundation,,swedish,american,,education,0,0,0,0,0,0,0,0,0,0,0,0,0,0,0,0,0,1,0,,1,
tsafa,The Swedish Association for Art,,swedish,,,arts and culture,0,0,0,0,0,0,0,0,0,0,1,0,0,0,0,0,0,0,0,,1,
tslhf,The Swedish Local Heritage Federation,,swedish,,,history and heritage,0,0,0,0,1,0,0,0,0,0,0,0,0,0,0,0,0,0,0,,1,
tsl,The Swedish Lions,,swedish,,,sport and recreation ,0,0,0,0,0,1,0,0,0,0,0,0,0,0,0,0,0,0,0,,1,
tssc,The Swedish Sports Confederation,,swedish,,,sport and recreation ,0,0,0,0,0,1,0,0,0,0,0,0,0,0,0,0,0,0,0,,1,
todcs,The Orphei Draengar Choral Society,,swedish,,,arts and culture,0,0,0,0,0,0,0,0,0,0,1,0,0,0,0,0,0,0,0,,1,
twpbs,The Wilhelm Peterson Berger Society,,swedish,,,arts and culture,0,0,0,0,0,0,0,0,0,0,1,0,0,0,0,0,0,0,0,,1,
twsf,The World Scout Foundation,,swedish,international,,community and civic,0,0,0,0,0,0,0,0,0,0,0,0,0,0,0,0,0,0,1,,1,
PP,Prince Philip,male,british,,,,0,0,0,0,0,0,0,0,0,0,0,0,0,0,0,0,0,0,0,,0,british
1001ant,1001 A Naature Trust,,british,international,,environment,0,0,0,0,0,0,0,0,0,0,0,0,0,0,1,0,0,0,0,,1,
bnt,Bahamas National Trust,,british,international,,environment,0,0,0,0,0,0,0,0,0,0,0,0,0,0,1,0,0,0,0,,1,
bveeari,Bharati Vidyapeeth Environment Education and Research Institute,,british,,,environment,0,0,0,0,0,0,0,0,0,0,0,0,0,0,1,0,0,0,0,,1,
bla,BirdLife Australia,,british,australian,,environment,0,0,0,0,0,0,0,0,0,0,0,0,0,0,1,0,0,0,0,,1,
bsos,Botanical Society of Scotland,,british,,,environment,0,0,0,0,0,0,0,0,0,0,0,0,0,0,1,0,0,0,0,,1,
beanhs,British Entomological and Natural History Society,,british,,,environment,0,0,0,0,0,0,0,0,0,0,0,0,0,0,1,0,0,0,0,,1,
btfo,British Trust for Ornithology,,british,,,environment,0,0,0,0,0,0,0,0,0,0,0,0,0,0,1,0,0,0,0,,1,
bct,Buxton Conservation Trust,,british,,,environment,0,0,0,0,0,0,0,0,0,0,0,0,0,0,1,0,0,0,0,,1,
cdfftgi,Charles Darwin Foundation for the Galapagos Isles,,british,international,,environment,0,0,0,0,0,0,0,0,0,0,0,0,0,0,1,0,0,0,0,,1,
culoo,Cornell University Laboratory of Ornithology,,british,international,,environment,0,0,0,0,0,0,0,0,0,0,0,0,0,0,1,0,0,0,0,,1,
afc,Abbotsford Flying Club,,british,canadian,,sport and recreation,0,0,0,0,0,1,0,0,0,0,0,0,0,0,0,0,0,0,0,,1,
aeltacc,All England Lawn Tennis and Croquet Club,,british,,,sport and recreation,0,0,0,0,0,1,0,0,0,0,0,0,0,0,0,0,0,0,0,,1,
aoc,Alvis Owner Club,,british,,,sport and recreation,0,0,0,0,0,1,0,0,0,0,0,0,0,0,0,0,0,0,0,,1,
ayrs,Amateur Yacht Research Society,,british,,,sport and recreation,0,0,0,0,0,1,0,0,0,0,0,0,0,0,0,0,0,0,0,,1,
aba,Army Boxing Association,,british,,,sport and recreation,0,0,0,0,0,1,0,0,0,0,0,0,0,0,0,0,0,0,0,,1,
aobc,Army Officers Boxing Club,,british,,,sport and recreation,0,0,0,0,0,1,0,0,0,0,0,0,0,0,0,0,0,0,0,,1,
acds,Australian Carriage Driving Society,,british,australian,,sport and recreation,0,0,0,0,0,1,0,0,0,0,0,0,0,0,0,0,0,0,0,,1,
aobt,Australian Outward Bound Trust,,british,australian,,sport and recreation,0,0,0,0,0,1,0,0,0,0,0,0,0,0,0,0,0,0,0,,1,
arfl,Australian Rugby Football League,,british,australian,,sport and recreation,0,0,0,0,0,1,0,0,0,0,0,0,0,0,0,0,0,0,0,,1,
auf,Australian Underwater Federation,,british,australian,,sport and recreation,0,0,0,0,0,1,0,0,0,0,0,0,0,0,0,0,0,0,0,,1,
aiaonzi,Aviation Industry Association of New Zealand Incorporated,,british,new zealand,,business and industry,0,0,0,0,0,0,0,0,0,1,0,0,0,0,0,0,0,0,0,,1,
baca,Baltic Air Charter Association ,,british,,,business and industry,0,0,0,0,0,0,0,0,0,1,0,0,0,0,0,0,0,0,0,,1,
bmmc,Belfast Master Mariners Club,,british,,,business and industry,0,0,0,0,0,0,0,0,0,1,0,0,0,0,0,0,0,0,0,,1,
caf,Charities Aid Foundation,,british,,,business and industry,0,0,0,0,0,0,0,0,0,1,0,0,0,0,0,0,0,0,0,,1,
clmfisc,Charles Lindbergh Memorial Fund International Sponsoring Committee,,british,international,,business and industry,0,0,0,0,0,0,0,0,0,1,0,0,0,0,0,0,0,0,0,,1,
ciopad,Chartered Institute of Personnel and Development,,british,,,business and industry,0,0,0,0,0,0,0,0,0,1,0,0,0,0,0,0,0,0,0,,1,
cmi,Chartered Management Institute,,british,,,business and industry,0,0,0,0,0,0,0,0,0,1,0,0,0,0,0,0,0,0,0,,1,
colc,City of London Club,,british,,,business and industry,0,0,0,0,0,0,0,0,0,1,0,0,0,0,0,0,0,0,0,,1,
cdbdmedg,Commanderie du Bontemps de Medoc et des Graves,,british,european,,business and industry,0,0,0,0,0,0,0,0,0,1,0,0,0,0,0,0,0,0,0,,1,
cocah,Company of Cutlers and Hallamshire,,british,,,business and industry,0,0,0,0,0,0,0,0,0,1,0,0,0,0,0,0,0,0,0,,1,
16s,16 Squadron 1939 until 1945,,british,,,armed services,0,0,0,0,0,0,0,0,0,0,0,1,0,0,0,0,0,0,0,,1,
afaoa,Air Force Association of Australia,,british,australian,,armed services,0,0,0,0,0,0,0,0,0,0,0,1,0,0,0,0,0,0,0,,1,
a,Army,,british,,,armed services,0,0,0,0,0,0,0,0,0,0,0,1,0,0,0,0,0,0,0,,1,
acf,Army Cadet Force,,british,,,armed services,0,0,0,0,0,0,0,0,0,0,0,1,0,0,0,0,0,0,0,,1,
acfa,Army Cadet Force Association,,british,,,armed services,0,0,0,0,0,0,0,0,0,0,0,1,0,0,0,0,0,0,0,,1,
aojesaw,Association of Jewish Ex Servicemen and Women,,british,,,armed services,0,0,0,0,0,0,0,0,0,0,0,1,0,0,0,0,0,0,0,,1,
amf,Australian Military Forces,,british,australian,,armed services,0,0,0,0,0,0,0,0,0,0,0,1,0,0,0,0,0,0,0,,1,
bafdc,British American Forces Dining Club,,british,,,armed services,0,0,0,0,0,0,0,0,0,0,0,1,0,0,0,0,0,0,0,,1,
bsa,Burma Star Association,,british,,,armed services,0,0,0,0,0,0,0,0,0,0,0,1,0,0,0,0,0,0,0,,1,
cana,Canadian Army,,british,canadian,,armed services,0,0,0,0,0,0,0,0,0,0,0,1,0,0,0,0,0,0,0,,1,
PW,Prince William,male,british,,2,,0,0,0,0,0,0,0,0,0,0,0,0,0,0,0,0,0,0,0,anglican,0,british
tt,Tusk Trust,,british,,,environment,0,0,0,0,0,0,0,0,0,0,0,0,0,0,1,0,0,0,0,,1,
toom,Tuvalu Order of Merit,,british,australian,,environment,0,0,0,0,0,0,0,0,0,0,0,0,0,0,1,0,0,0,0,,1,
c,Centrepoint,,british,,,children and young people,0,0,0,0,0,0,0,0,0,0,0,0,0,1,0,0,0,0,0,,1,
cbuk,Child Bereavement UK,,british,,,children and young people,0,0,0,0,0,0,0,0,0,0,0,0,0,1,0,0,0,0,0,,1,
essa,English Schools Swimming Association,,british,,,children and young people,0,0,0,0,0,0,0,0,0,0,0,0,0,1,0,0,0,0,0,,1,
macpof,Metropolitan and City Police Orphans Fund,,british,,,children and young people,0,0,0,0,0,0,0,0,0,0,0,0,0,1,0,0,0,0,0,,1,
sf,Skill Force,,british,,,children and young people,0,0,0,0,0,0,0,0,0,0,0,0,0,1,0,0,0,0,0,,1,
trac,The Royal Aero Club,,british,,,children and young people,0,0,0,0,0,0,0,0,0,0,0,0,0,1,0,0,0,0,0,,1,
rafbobmf,Royal Air Force Battle of Britian Memorial Flight,,british,,,armed services,0,0,0,0,0,0,0,0,0,0,0,1,0,0,0,0,0,0,0,,1,
rafc,Royal Air Force Coningsby,,british,,,armed services,0,0,0,0,0,0,0,0,0,0,0,1,0,0,0,0,0,0,0,,1,
srnc,Scotland Royal Naval Command,,british,,,armed services,0,0,0,0,0,0,0,0,0,0,0,1,0,0,0,0,0,0,0,,1,
surnc,Submarines Royal Naval Command,,british,,,armed services,0,0,0,0,0,0,0,0,0,0,0,1,0,0,0,0,0,0,0,,1,
rcopasog,Royal College of Physicians ans Surgeons of Glasgow,,british,,,healthcare medical and hospices,0,0,0,0,0,0,1,0,0,0,0,0,0,0,0,0,0,0,0,,1,
trmnhsft,The Royal Marsden NHS Foundation Trust,,british,,,healthcare medical and hospices,0,0,0,0,0,0,1,0,0,0,0,0,0,0,0,0,0,0,0,,1,
DCA,Duchess Catherine,female,british,,,,0,0,0,0,0,0,0,0,0,0,0,0,0,0,0,0,0,0,0,anglican,0,british
100wif,100 Women in Finance,,british,,,healthcare medical and hospices,0,0,0,0,0,0,1,0,0,0,0,0,0,0,0,0,0,0,0,,1,
afch,Action for Children,,british,,,healthcare medical and hospices,0,0,0,0,0,0,1,0,0,0,0,0,0,0,0,0,0,0,0,,1,
afncfcaf,Anna Freud National Centre for Children and Families,,british,,,children and young people,0,0,0,0,0,0,0,0,0,0,0,0,0,1,0,0,0,0,0,,1,
p2b,Place2Be,,british,,,children and young people,0,0,0,0,0,0,0,0,0,0,0,0,0,1,0,0,0,0,0,,1,
sa,SportsAid,,british,,,sport and recreation,0,0,0,0,0,1,0,0,0,0,0,0,0,0,0,0,0,0,0,,1,
aoa,Action on Addiction,,british,,,children and young people,0,0,0,0,0,0,0,0,0,0,0,0,0,1,0,0,0,0,0,,1,
each,East Anglias Childrens Hospital,,british,,,healthcare medical and hospices,0,0,0,0,0,0,1,0,0,0,0,0,0,0,0,0,0,0,0,,1,
nnc,Nursing Now campaign,,british,international,,healthcare medical and hospices,0,0,0,0,0,0,1,0,0,0,0,0,0,0,0,0,0,0,0,,1,
t1851t,The 1851 Trust,,british,,,sport and recreation,0,0,0,0,0,1,0,0,0,0,0,0,0,0,0,0,0,0,0,,1,
tlta,The Lawn Tennis Association,,british,,,sport and recreation,0,0,0,0,0,1,0,0,0,0,0,0,0,0,0,0,0,0,0,,1,
npg,National Portrait Gallery,,british,,,arts and culture,0,0,0,0,0,0,0,0,0,0,1,0,0,0,0,0,0,0,0,,1,
nhm,Natural History Museum,,british,,,arts and culture,0,0,0,0,0,0,0,0,0,0,1,0,0,0,0,0,0,0,0,,1,
tvam,The Victoria and Albert Museum,,british,,,arts and culture,0,0,0,0,0,0,0,0,0,0,1,0,0,0,0,0,0,0,0,,1,
casc,Castaways Club,,british,,,armed services,0,0,0,0,0,0,0,0,0,0,0,1,0,0,0,0,0,0,0,,1,
faraf,The FARA Foundation,,british,european,,community and civic,0,0,0,0,0,0,0,0,0,0,0,0,0,0,0,0,0,0,1,,1,
focsg,The Foundation of the College of St George,,british,,,history and heritage,0,0,0,0,1,0,0,0,0,0,0,0,0,0,0,0,0,0,0,,1,
tgtr,The Georgian Theatre Royal,,british,,,history and heritage,0,0,0,0,1,0,0,0,0,0,0,0,0,0,0,0,0,0,0,,1,
tgwrt,The Gloucestershire Warwickshire Railway Trust,,british,,,history and heritage,0,0,0,0,1,0,0,0,0,0,0,0,0,0,0,0,0,0,0,,1,
tracuk,The Royal Automobile Club UK,,british,,,sport and recreation,0,0,0,0,0,1,0,0,0,0,0,0,0,0,0,0,0,0,0,,1,
trsyc,The Royal Swedish Yacht Club,,swedish,,,sport and recreation,0,0,0,0,0,1,0,0,0,0,0,0,0,0,0,0,0,0,0,,1,
